1;textures4
2;textures_ads
3;texture3
4;texture2
5;texture1
6;rs_texture_videoclip
7;bg
9;BOUNDING_BOX
36;button_ad2
39;button_ad1
44;button_page1
53;CONTENT
54;__Packages.com.rockstargames.ui.core.BaseWebsite
55;__Packages.com.rockstargames.gtav.web.GENERIC_WEBSITE_SCRIPT
56;__Packages.com.rockstargames.gtav.web.WWW_RIGHTEOUSSLAUGHTER7_COM
57;__Packages.com.rockstargames.gtav.web.buttons.WebButton
58;__Packages.com.rockstargames.gtav.web.buttons.WebButtonWWW
59;__Packages.com.rockstargames.gtav.constants.WebBrowserButtonLUT
60;__Packages.com.rockstargames.gtav.web.buttons.WebButtonMinus
