2;"zoned"
4;"rockets"
6;"rage"
8;"off_radar"
10;"jump_icon"
12;"inverse"
14;"ghost"
16;"dope"
18;"detonator"
20;"icon"
29;"MAIN_TITLE"
30;"CONTENT"
32;"boost"
34;"bomb"
36;"beast_mode"
38;"armoured"
40;"accelerator"
41;"__Packages.com.rockstargames.gtav.levelDesign.BaseScriptUI"
42;"__Packages.com.rockstargames.ui.core.BaseScreenLayout"
43;"__Packages.com.rockstargames.ui.utils.DisplayConfig"
44;"__Packages.com.rockstargames.ui.game.GameInterface"
45;"__Packages.com.rockstargames.gtav.Multiplayer.POWER_PLAY"
46;"__Packages.com.rockstargames.gtav.Multiplayer.powerplay.PowerPlayIcon"
47;"__Packages.com.rockstargames.gtav.Multiplayer.powerplay.IconStates"
48;"__Packages.com.rockstargames.ui.utils.MathStar"
49;"__Packages.com.rockstargames.ui.utils.HudColourLite"
50;"__Packages.com.rockstargames.ui.utils.HudColour"
51;"__Packages.com.rockstargames.ui.utils.Colour"
52;"__Packages.com.rockstargames.ui.tweenStar.TweenStarLite"
53;"__Packages.com.rockstargames.ui.tweenStar.easing.Linear"
54;"__Packages.com.rockstargames.ui.tweenStar.easing.Quad"
55;"__Packages.com.rockstargames.ui.tweenStar.easing.Cubic"
56;"__Packages.com.rockstargames.ui.tweenStar.easing.Quart"
57;"__Packages.com.rockstargames.ui.tweenStar.easing.Sine"
58;"__Packages.com.rockstargames.ui.tweenStar.easing.Back"
59;"__Packages.com.rockstargames.ui.tweenStar.easing.Circ"
60;"__Packages.com.rockstargames.ui.tweenStar.Ease"
61;"__Packages.com.rockstargames.ui.tweenStar.TweenStarLiteRef"
62;"__Packages.com.rockstargames.gtav.Multiplayer.POWER_PLAY_BIKER"
63;"__Packages.com.rockstargames.gtav.Multiplayer.powerplay.PowerPlayIconEx"
