1;"GTA+_Logo"
2;"elitas_texture_2"
3;"elitas_texture_1"
4;"elitas_pattern"
6;"BOUNDING_BOX"
30;"sortButton"
34;"dropDownHeader"
39;"homeButton"
43;"subHeader"
56;"colourButton"
71;"liveryButton"
90;"purchaseButton"
101;"padlock"
104;"purchaseButtonDoubleHeight"
117;"CONTENT"
139;"vehicleButton"
141;"tick"
143;"dropDownItem"
144;"__Packages.com.rockstargames.ui.core.BaseWebsite"
145;"__Packages.com.rockstargames.gtav.web.vehicleSites.VehicleWebsite"
146;"__Packages.com.rockstargames.gtav.web.vehicleSites.DropDown"
147;"__Packages.com.rockstargames.ui.game.GameInterface"
148;"__Packages.com.rockstargames.ui.tweenStar.TweenStarLite"
149;"__Packages.com.rockstargames.ui.tweenStar.easing.Linear"
150;"__Packages.com.rockstargames.ui.tweenStar.easing.Quad"
151;"__Packages.com.rockstargames.ui.tweenStar.easing.Cubic"
152;"__Packages.com.rockstargames.ui.tweenStar.easing.Quart"
153;"__Packages.com.rockstargames.ui.tweenStar.easing.Sine"
154;"__Packages.com.rockstargames.ui.tweenStar.easing.Back"
155;"__Packages.com.rockstargames.ui.tweenStar.easing.Circ"
156;"__Packages.com.rockstargames.ui.tweenStar.Ease"
157;"__Packages.com.rockstargames.ui.tweenStar.TweenStarLiteRef"
158;"__Packages.com.rockstargames.ui.utils.Colour"
159;"__Packages.com.rockstargames.ui.utils.HudColourLite"
160;"__Packages.com.rockstargames.ui.utils.HudColour"
161;"__Packages.com.rockstargames.gtav.web.WWW_ELITASTRAVEL_COM"
162;"__Packages.com.rockstargames.gtav.web.buttons.WebButton"
163;"__Packages.com.rockstargames.gtav.web.buttons.WebButtonAnchor"
164;"__Packages.com.rockstargames.gtav.web.buttons.WebButtonWWW"
165;"__Packages.com.rockstargames.gtav.constants.WebBrowserButtonLUT"
