3;"IMPORTS"
5;"STATS_CREW_HEAD_TO_HEAD"
7;"STATS_CREW_CHALLENGES"
9;"KILL_DEATH_RATIO"
11;"SHOOTING"
13;"crewEmblemImage"
15;"STATS_CREW_MEMBERS"
17;"DEATHMATCH"
19;"RACE"
20;"__Packages.com.rockstargames.gtav.pauseMenuPages.PauseMenuBasePage"
21;"__Packages.com.rockstargames.gtav.levelDesign.BaseScriptUI"
22;"__Packages.com.rockstargames.ui.components.IController"
23;"__Packages.com.rockstargames.ui.components.GUIController"
24;"__Packages.com.rockstargames.ui.components.GUIModel"
25;"__Packages.com.rockstargames.ui.components.GUIScroll"
26;"__Packages.com.rockstargames.ui.components.GUIView"
27;"__Packages.com.rockstargames.ui.utils.Debug"
28;"__Packages.com.rockstargames.ui.game.GameInterface"
29;"__Packages.com.rockstargames.ui.components.GUIMenuItem"
30;"__Packages.com.rockstargames.ui.game.GamePadConstants"
31;"__Packages.com.rockstargames.gtav.pauseMenu.pauseComponents.PauseMenuComponentBase"
32;"__Packages.com.rockstargames.gtav.pauseMenu.pauseMenuItems.PauseMenuBaseItem"
33;"__Packages.com.rockstargames.ui.utils.UIText"
34;"__Packages.com.rockstargames.ui.utils.HudColourLite"
35;"__Packages.com.rockstargames.ui.utils.HudColour"
36;"__Packages.com.rockstargames.ui.utils.Colour"
37;"__Packages.mx.utils.Delegate"
38;"__Packages.com.rockstargames.gtav.pauseMenu.pauseMenuItems.singleplayer.PauseMenuTitleItem"
39;"__Packages.com.rockstargames.gtav.pauseMenu.pauseComponents.PM_ScrollBase"
40;"__Packages.com.rockstargames.ui.utils.Text"
41;"__Packages.com.rockstargames.gtav.pauseMenuPages.PAUSE_MENU_PAGES_CORONA_PLAYERS"
42;"__Packages.com.rockstargames.ui.media.ImageLoaderMC"
