1;"gradient-bg"
10;"SHARD_MESSAGE"
16;"GENERIC_SECONDARY_INFO"
17;"CONTENT"
19;"BOUNDING_BOX"
20;"__Packages.com.rockstargames.gtav.levelDesign.BaseScriptUI"
21;"__Packages.com.rockstargames.ui.core.BaseScreenLayout"
22;"__Packages.com.rockstargames.ui.utils.DisplayConfig"
23;"__Packages.com.rockstargames.ui.game.GameInterface"
24;"__Packages.com.rockstargames.gtav.levelDesign.STUNT_JUMPS"
25;"__Packages.com.rockstargames.ui.tweenStar.TweenStarLite"
26;"__Packages.com.rockstargames.ui.tweenStar.easing.Linear"
27;"__Packages.com.rockstargames.ui.tweenStar.easing.Quad"
28;"__Packages.com.rockstargames.ui.tweenStar.easing.Cubic"
29;"__Packages.com.rockstargames.ui.tweenStar.easing.Quart"
30;"__Packages.com.rockstargames.ui.tweenStar.easing.Sine"
31;"__Packages.com.rockstargames.ui.tweenStar.easing.Back"
32;"__Packages.com.rockstargames.ui.tweenStar.easing.Circ"
33;"__Packages.com.rockstargames.ui.tweenStar.Ease"
34;"__Packages.com.rockstargames.ui.tweenStar.TweenStarLiteRef"
35;"__Packages.com.rockstargames.ui.utils.Colour"
36;"__Packages.com.rockstargames.ui.utils.HudColourLite"
37;"__Packages.com.rockstargames.ui.utils.HudColour"
