1;"$Font4"
2;"$Font1"
3;"$Font2"
4;"$gtaCash"
5;"$Font3"
6;"$Font5"
7;"wanted_star"
8;"button_9"
9;"button_8"
10;"button_7"
11;"button_6"
12;"button_5"
13;"button_43"
14;"button_42"
15;"button_41"
16;"button_40"
17;"button_4"
18;"button_39"
19;"button_38"
20;"button_37"
21;"button_36"
22;"button_35"
23;"button_34"
24;"button_33"
25;"button_32"
26;"button_31"
27;"button_30"
28;"button_3"
29;"button_29"
30;"button_28"
31;"button_27"
32;"button_26"
33;"button_25"
34;"button_24"
35;"button_23"
36;"button_22"
37;"button_21"
38;"button_20"
39;"button_2"
40;"button_19"
41;"button_18"
42;"button_17"
43;"button_16"
44;"button_15"
45;"button_14"
46;"button_13"
47;"button_12"
48;"button_11"
49;"button_10"
50;"button_1"
51;"button_0"
