2;"scrubber"
4;"gutter"
9;"missionstatsView"
14;"missionStatsListItemMC"
19;"missionStatsFooterMC"
21;"blankScreen"
22;"__Packages.com.rockstargames.gtav.cellphone.apps.APP_ScrollingView"
23;"__Packages.com.rockstargames.ui.controls.ScrollBar"
24;"__Packages.gfx.motion.Tween"
25;"__Packages.mx.transitions.easing.Strong"
26;"__Packages.com.rockstargames.ui.utils.Colour"
27;"__Packages.com.rockstargames.ui.utils.HudColour"
28;"__Packages.com.rockstargames.ui.game.GameInterface"
29;"__Packages.com.rockstargames.gtav.cellphone.apps.APP_MISSION_STATS_VIEW"
30;"__Packages.com.rockstargames.ui.utils.FitToTextfield"
