1;orange_grad
2;loadingscreen_startup_i85
3;GTAV_SavingSpinner_g
4;GTAV_SavingSpinner_IB
5;beach_fg
6;beach_bg
8;TEXTBTN_47
10;TEXTBTN_46
12;TEXTBTN_45
15;button_44
16;TEXTBTN_44
18;TEXTBTN_43
20;TEXTBTN_42
22;TEXTBTN_41
24;TEXTBTN_40
26;TEXTBTN_39
28;TEXTBTN_38
30;TEXTBTN_37
32;TEXTBTN_36
34;TEXTBTN_35
36;TEXTBTN_34
38;TEXTBTN_33
40;TEXTBTN_32
42;TEXTBTN_31
44;TEXTBTN_30
46;TEXTBTN_29
48;TEXTBTN_28
50;TEXTBTN_27
52;TEXTBTN_26
54;TEXTBTN_25
56;TEXTBTN_24
58;TEXTBTN_23
60;TEXTBTN_22
62;TEXTBTN_21
64;TEXTBTN_20
66;TEXTBTN_19
68;TEXTBTN_18
70;TEXTBTN_17
72;TEXTBTN_16
74;TEXTBTN_15
76;TEXTBTN_14
78;TEXTBTN_13
80;TEXTBTN_12
82;TEXTBTN_11
84;TEXTBTN_10
86;TEXTBTN_9
88;TEXTBTN_8
90;TEXTBTN_7
92;TEXTBTN_6
94;TEXTBTN_5
96;TEXTBTN_4
98;TEXTBTN_3
100;TEXTBTN_2
102;TEXTBTN_1
104;TEXTBTN_0
106;face_button_33
107;face_button_32
108;face_button_31
109;face_button_30
118;legalScreenMC
121;legalRockstarMC
123;backgroundShape
124;button icons
126;SP_MP_SC_BUTTONS
128;PROGRESS_TEXT_MC
132;PROGRESS_BAR_MC
134;MCCharacterBeachGirl
136;foreground_chop
138;MCBackgroundBeachGirl
139;loadingscreen0MC
141;RANDOM_JOB_BUTTONS
142;instructionalButtonMC
143;BG
144;CONTENT
146;BOUNDING_BOX
149;button_50
150;GenericImageLoader
152;__Packages.com.rockstargames.gtav.levelDesign.BaseScriptUI
153;__Packages.com.rockstargames.ui.core.BaseScreenLayout
154;__Packages.com.rockstargames.ui.utils.DisplayConfig
155;__Packages.com.rockstargames.ui.game.GameInterface
156;__Packages.com.rockstargames.gtav.levelDesign.INSTRUCTIONAL_BUTTONS
157;__Packages.com.rockstargames.ui.mouse.MOUSE_EVENTS
158;__Packages.com.rockstargames.ui.utils.HudColourLite
159;__Packages.com.rockstargames.ui.utils.HudColour
160;__Packages.com.rockstargames.ui.utils.Colour
161;__Packages.mx.utils.Delegate
162;__Packages.com.rockstargames.ui.tweenStar.TweenStarLite
163;__Packages.com.rockstargames.ui.tweenStar.easing.Linear
164;__Packages.com.rockstargames.ui.tweenStar.easing.Quad
165;__Packages.com.rockstargames.ui.tweenStar.easing.Cubic
166;__Packages.com.rockstargames.ui.tweenStar.easing.Quart
167;__Packages.com.rockstargames.ui.tweenStar.easing.Sine
168;__Packages.com.rockstargames.ui.tweenStar.easing.Back
169;__Packages.com.rockstargames.ui.tweenStar.easing.Circ
170;__Packages.com.rockstargames.ui.tweenStar.Ease
171;__Packages.com.rockstargames.ui.tweenStar.TweenStarLiteRef
172;__Packages.com.rockstargames.gtav.loadingScreens.LOADINGSCREEN_STARTUP
173;__Packages.com.rockstargames.ui.utils.MultiLoader
174;__Packages.gfx.events.EventDispatcher
175;__Packages.com.rockstargames.gtav.loadingScreens.LoadingScreenLayer
176;__Packages.com.rockstargames.ui.utils.Debug
177;__Packages.com.rockstargames.gtav.utils.GTAVUIConfig
178;__Packages.com.rockstargames.ui.utils.Localisation
179;__Packages.com.rockstargames.gtav.utils.GTAVUIUtils
180;__Packages.com.rockstargames.ui.media.ImageLoaderMC
