1;warehouse-button-bg
2;warehouse-bg
3;powered-by
4;asset_red_button_bg
5;asset_green_button_bg
6;asset_empty_slot
7;adhawklogo
65;singleCarTile
91;warehouseScreen
92;BACKGROUND
93;CONTENT
95;BOUNDING_BOX
97;poweredBySecuroServ
102;carSetTile
119;cursor
120;__Packages.com.rockstargames.gtav.levelDesign.BaseScriptUI
121;__Packages.com.rockstargames.ui.core.BaseScreenLayout
122;__Packages.com.rockstargames.ui.utils.DisplayConfig
123;__Packages.com.rockstargames.ui.game.GameInterface
124;__Packages.com.rockstargames.gtav.levelDesign.importExportWarehouse.Screen
125;__Packages.com.rockstargames.gtav.levelDesign.importExportWarehouse.Cursor
126;__Packages.com.rockstargames.gtav.levelDesign.importExportWarehouse.Rect
127;__Packages.com.rockstargames.ui.tweenStar.TweenStarLite
128;__Packages.com.rockstargames.ui.tweenStar.easing.Linear
129;__Packages.com.rockstargames.ui.tweenStar.easing.Quad
130;__Packages.com.rockstargames.ui.tweenStar.easing.Cubic
131;__Packages.com.rockstargames.ui.tweenStar.easing.Quart
132;__Packages.com.rockstargames.ui.tweenStar.easing.Sine
133;__Packages.com.rockstargames.ui.tweenStar.easing.Back
134;__Packages.com.rockstargames.ui.tweenStar.easing.Circ
135;__Packages.com.rockstargames.ui.tweenStar.Ease
136;__Packages.com.rockstargames.ui.tweenStar.TweenStarLiteRef
137;__Packages.com.rockstargames.gtav.levelDesign.importExportWarehouse.WarehouseScreen
138;__Packages.com.rockstargames.gtav.levelDesign.importExportWarehouse.Overlay
139;__Packages.com.rockstargames.gtav.levelDesign.importExportWarehouse.Button
140;__Packages.com.rockstargames.gtav.levelDesign.importExportWarehouse.ExportSelection
141;__Packages.com.rockstargames.gtav.levelDesign.importExportWarehouse.ImageManager
142;__Packages.com.rockstargames.gtav.levelDesign.importExportWarehouse.SingleCarTile
143;__Packages.com.rockstargames.gtav.levelDesign.importExportWarehouse.Vehicle
144;__Packages.com.rockstargames.gtav.levelDesign.importExportWarehouse.FilterFlags
145;__Packages.com.rockstargames.gtav.levelDesign.importExportWarehouse.ButtonId
146;__Packages.com.rockstargames.gtav.levelDesign.importExportWarehouse.Scrollbar
147;__Packages.com.rockstargames.gtav.levelDesign.importExportWarehouse.FilterSystem
148;__Packages.com.rockstargames.gtav.levelDesign.importExportWarehouse.VehicleCollection
149;__Packages.com.rockstargames.gtav.levelDesign.importExportWarehouse.CarCollectionTile
150;__Packages.com.rockstargames.gtav.levelDesign.IMPORT_EXPORT_WAREHOUSE
