3;messageMC
4;CONTENT
6;BOUNDING_BOX
7;__Packages.com.rockstargames.ui.hud.HUD_COMPONENT
8;__Packages.com.rockstargames.ui.core.BaseContainer
9;__Packages.com.rockstargames.gtav.constants.HudComponentConstants
10;__Packages.com.rockstargames.ui.core.BaseComponentInfo
11;__Packages.com.rockstargames.ui.game.GameInterface
12;__Packages.com.rockstargames.ui.utils.Colour
13;__Packages.com.rockstargames.ui.utils.HudColour
14;__Packages.com.rockstargames.gtav.hud.NEW_HUD
15;__Packages.com.rockstargames.gtav.hud.hudComponents.HUD_RADIO_STATIONS_WHEEL
16;__Packages.com.rockstargames.ui.utils.Text
17;__Packages.com.rockstargames.ui.utils.Localisation
18;__Packages.com.rockstargames.ui.tweenStar.TweenStarLite
19;__Packages.com.rockstargames.ui.tweenStar.easing.Linear
20;__Packages.com.rockstargames.ui.tweenStar.easing.Quad
21;__Packages.com.rockstargames.ui.tweenStar.easing.Cubic
22;__Packages.com.rockstargames.ui.tweenStar.easing.Quart
23;__Packages.com.rockstargames.ui.tweenStar.easing.Sine
24;__Packages.com.rockstargames.ui.tweenStar.easing.Back
25;__Packages.com.rockstargames.ui.tweenStar.easing.Circ
26;__Packages.com.rockstargames.ui.tweenStar.Ease
27;__Packages.com.rockstargames.ui.tweenStar.TweenStarLiteRef
28;__Packages.com.rockstargames.gtav.hud.hudComponents.HUD_MISSION_PASSED_MESSAGE
