12;GENERIC_SECONDARY_INFO
13;CONTENT
15;BOUNDING_BOX
27;Awards_Ani_Freemode
28;__Packages.com.rockstargames.gtav.levelDesign.BaseScriptUI
29;__Packages.com.rockstargames.ui.core.BaseScreenLayout
30;__Packages.com.rockstargames.ui.utils.DisplayConfig
31;__Packages.com.rockstargames.ui.game.GameInterface
32;__Packages.com.rockstargames.gtav.Multiplayer.MP_AWARD_BASE
33;__Packages.com.rockstargames.ui.utils.Colour
34;__Packages.com.rockstargames.ui.utils.HudColour
35;__Packages.com.rockstargames.gtav.Multiplayer.MP_UNLOCKS_FREEMODE
