1;vignette
2;nose_grid
3;mumdadbg
8;IMPORTS
10;UGC_PIN
12;STATS_CREW_MEMBERS
14;CREW_UP
16;background
18;ROCKSTAR
20;SPEED
22;HANDLING
24;BRAKING
26;ACCELERATION
28;BASE_JUMPING
30;GANG_ATTACK
32;CUSTOM_MISSION
34;RACE_WATER
36;RACE_OFFROAD
38;RACE_LAND
40;RACE_AIR
42;SURVIVAL
44;DEATHMATCH
46;RACE
48;GTA RACE
49;avatarImage
51;MALE
53;FEMALE
70;heritageCardItem
84;charSelectTitle
85;heritageCard
91;swatch
102;hairColourList
103;characterStatsCard
109;characterStatsCardItem
123;bodyConfigListItem
124;bodyConfigList
125;__Packages.com.rockstargames.gtav.pauseMenuPages.PAUSE_MENU_PAGES_CHAR_MOM_DAD
126;__Packages.com.rockstargames.ui.components.IController
127;__Packages.com.rockstargames.ui.components.GUIScroll
128;__Packages.com.rockstargames.ui.utils.HudColourLite
129;__Packages.mx.utils.Delegate
130;__Packages.com.rockstargames.gtav.pauseMenu.pauseMenuItems.singleplayer.PauseMenuHeritageCardItem
131;__Packages.com.rockstargames.gtav.pauseMenu.pauseMenuItems.PauseMenuViewBase
132;__Packages.com.rockstargames.gtav.pauseMenu.pauseMenuItems.singleplayer.PauseMenuHeritageCardView
133;__Packages.com.rockstargames.ui.tweenStar.easing.Linear
134;__Packages.com.rockstargames.ui.tweenStar.easing.Quad
135;__Packages.com.rockstargames.ui.tweenStar.easing.Cubic
136;__Packages.com.rockstargames.ui.tweenStar.easing.Quart
137;__Packages.com.rockstargames.ui.tweenStar.easing.Sine
138;__Packages.com.rockstargames.ui.tweenStar.easing.Back
139;__Packages.com.rockstargames.ui.tweenStar.easing.Circ
140;__Packages.com.rockstargames.gtav.pauseMenu.pauseComponents.PAUSE_MENU_HERITAGE_CARD
141;__Packages.com.rockstargames.gtav.pauseMenu.pauseMenuItems.singleplayer.PauseMenuHeritageCardModel
142;__Packages.com.rockstargames.gtav.pauseMenu.pauseComponents.PAUSE_MENU_HAIR_COLOUR_LIST
143;__Packages.com.rockstargames.gtav.pauseMenu.pauseMenuItems.PauseMenuColourBar
144;__Packages.com.rockstargames.ui.utils.DelegateStar
145;__Packages.com.rockstargames.gtav.pauseMenu.pauseComponents.PAUSE_MENU_CHARACTER_CARD
146;__Packages.com.rockstargames.gtav.pauseMenu.pauseMenuItems.singleplayer.PauseMenuCharacterStatsModel
147;__Packages.com.rockstargames.gtav.pauseMenu.pauseMenuItems.singleplayer.PauseMenuCharacterStatsView
148;__Packages.com.rockstargames.gtav.pauseMenu.pauseMenuItems.singleplayer.PauseMenuCharacterStatsItem
149;__Packages.com.rockstargames.gtav.utils.GTAVUIUtils
150;__Packages.com.rockstargames.gtav.utils.GTAVUIConfig
151;__Packages.com.rockstargames.gtav.pauseMenu.pauseMenuItems.singleplayer.PauseMenuBodyConfigItem
152;__Packages.com.rockstargames.gtav.pauseMenu.pauseComponents.PAUSE_MENU_BODY_CONFIG_LIST
153;__Packages.com.rockstargames.gtav.pauseMenu.pauseMenuItems.singleplayer.PauseMenuBodyConfigModel
154;__Packages.com.rockstargames.gtav.pauseMenu.pauseMenuItems.singleplayer.PauseMenuBodyConfigView
