1;"unlockWeaponIcon"
2;"unlockWeaponAddOnIcon"
3;"unlockTattooIcon"
4;"unlockPlaneIcon"
5;"unlockMotorbikeIcon"
6;"unlockMaskIcon"
7;"unlockMakeupIcon"
8;"unlockKitIcon"
9;"unlockHeliIcon"
10;"unlockClothesIcon"
11;"unlockCasinoMysteryIcon"
12;"unlockCasinoDiscountIcon"
13;"unlockCarIcon"
14;"unlockBoatIcon"
15;"unlockBarberIcon"
16;"unlockArmourIcon"
17;"socialClubAvatarImg"
18;"GTAV_SavingSpinner_g"
19;"ctfUSPickupIcon"
20;"ctfUSBaseIcon"
21;"ctfPickupIcon"
22;"ctfBaseIcon"
24;"TEXTBTN_47"
26;"TEXTBTN_46"
28;"TEXTBTN_45"
30;"TEXTBTN_44"
32;"TEXTBTN_43"
34;"TEXTBTN_42"
36;"TEXTBTN_41"
38;"TEXTBTN_40"
40;"TEXTBTN_39"
42;"TEXTBTN_38"
44;"TEXTBTN_37"
46;"TEXTBTN_36"
48;"TEXTBTN_35"
50;"TEXTBTN_34"
52;"TEXTBTN_33"
54;"TEXTBTN_32"
56;"TEXTBTN_31"
58;"TEXTBTN_30"
60;"TEXTBTN_29"
62;"TEXTBTN_28"
64;"TEXTBTN_27"
66;"TEXTBTN_26"
68;"TEXTBTN_25"
70;"TEXTBTN_24"
72;"TEXTBTN_23"
74;"TEXTBTN_22"
76;"TEXTBTN_21"
78;"TEXTBTN_20"
80;"TEXTBTN_19"
82;"TEXTBTN_18"
84;"TEXTBTN_17"
86;"TEXTBTN_16"
88;"TEXTBTN_15"
90;"TEXTBTN_14"
92;"TEXTBTN_13"
94;"TEXTBTN_12"
96;"TEXTBTN_11"
98;"TEXTBTN_10"
100;"TEXTBTN_9"
102;"TEXTBTN_8"
104;"TEXTBTN_7"
106;"TEXTBTN_6"
108;"TEXTBTN_5"
110;"TEXTBTN_4"
112;"TEXTBTN_3"
114;"TEXTBTN_2"
116;"TEXTBTN_1"
118;"TEXTBTN_0"
123;"radar_cm"
126;"radar_ap"
129;"radar_rp"
131;"radar_safehouse_inverted"
133;"blip_white_16x16"
135;"radar_helipad_inverted"
137;"radar_hanger_inverted"
139;"radar_garage_inverted"
141;"radar_dock_inverted"
143;"radar_business_inverted"
145;"blip_shouldnt_exist"
148;"rockstarNewswire"
152;"missionHelpListItem"
153;"missionHelpList"
158;"feedItemStat"
160;"placeholderImg"
187;"feedItem"
188;"feedList"
191;"dialogueListItem"
192;"dialogueList"
198;"__Packages.com.rockstargames.gtav.pauseMenuPages.PAUSE_MENU_PAGES_INFO"
199;"__Packages.com.rockstargames.ui.components.IController"
200;"__Packages.com.rockstargames.ui.components.GUIScroll"
201;"__Packages.com.rockstargames.ui.utils.HudColourLite"
202;"__Packages.mx.utils.Delegate"
203;"__Packages.com.rockstargames.gtav.minimap.ColourMeBlip"
204;"__Packages.com.rockstargames.gtav.minimap.AP_ICON"
205;"__Packages.com.rockstargames.gtav.minimap.RP_ICON"
206;"__Packages.com.rockstargames.gtav.minimap.InvertedBlip"
207;"__Packages.com.rockstargames.gtav.pauseMenu.pauseComponents.PAUSE_MENU_NEWSWIRE"
208;"__Packages.com.rockstargames.ui.mouse.MouseBtnInterface"
209;"__Packages.com.rockstargames.ui.mouse.MouseBtn"
210;"__Packages.com.rockstargames.ui.mouse.MOUSE_EVENTS"
211;"__Packages.com.rockstargames.ui.utils.DelegateStar"
212;"__Packages.com.rockstargames.gtav.pauseMenu.pauseMenuItems.singleplayer.PauseMenuTextListItem"
213;"__Packages.com.rockstargames.gtav.pauseMenu.pauseMenuItems.PauseMenuMissionHelpListItem"
214;"__Packages.com.rockstargames.gtav.pauseMenu.pauseComponents.PAUSE_MENU_MISSION_HELP_LIST"
215;"__Packages.com.rockstargames.gtav.pauseMenu.pauseMenuItems.PauseMenuMissionHelpModel"
216;"__Packages.com.rockstargames.gtav.pauseMenu.pauseMenuItems.PauseMenuMissionHelpView"
217;"__Packages.com.rockstargames.ui.tweenStar.easing.Linear"
218;"__Packages.com.rockstargames.ui.tweenStar.easing.Quad"
219;"__Packages.com.rockstargames.ui.tweenStar.easing.Cubic"
220;"__Packages.com.rockstargames.ui.tweenStar.easing.Quart"
221;"__Packages.com.rockstargames.ui.tweenStar.easing.Sine"
222;"__Packages.com.rockstargames.ui.tweenStar.easing.Back"
223;"__Packages.com.rockstargames.ui.tweenStar.easing.Circ"
224;"__Packages.com.rockstargames.gtav.pauseMenu.pauseMenuItems.PauseMenuFeedItem"
225;"__Packages.com.rockstargames.gtav.levelDesign.GAME_STREAM_ENUMS"
226;"__Packages.com.rockstargames.gtav.pauseMenu.pauseMenuItems.PauseMenuColourBar"
227;"__Packages.com.rockstargames.gtav.utils.GTAVUIConfig"
228;"__Packages.com.rockstargames.gtav.pauseMenu.pauseComponents.PAUSE_MENU_FEED"
229;"__Packages.com.rockstargames.gtav.pauseMenu.pauseMenuItems.singleplayer.PauseMenuFeedModel"
230;"__Packages.com.rockstargames.gtav.pauseMenu.pauseMenuItems.singleplayer.PauseMenuFeedView"
231;"__Packages.com.rockstargames.gtav.pauseMenu.pauseMenuItems.PauseMenuDialogueItem"
232;"__Packages.com.rockstargames.gtav.pauseMenu.pauseComponents.PAUSE_MENU_DIALOGUE_LIST"
233;"__Packages.com.rockstargames.gtav.pauseMenu.pauseMenuItems.singleplayer.PauseMenuDialogueModel"
234;"__Packages.com.rockstargames.gtav.pauseMenu.pauseMenuItems.singleplayer.PauseMenuDialogueView"
235;"__Packages.com.rockstargames.gtav.minimap.CM_ICON"
