1;"IWSITtexture2"
2;"IWSITtexture1"
3;"texture_ads1"
7;"button_TEXT_empty"
12;"button_ad_ccck"
15;"button_ad_sixfigure"
28;"button_portfolio"
29;"PURCHASE_D_ERROR"
35;"button_ad_cashfordead"
36;"PURCHASE_D_CONFIRM"
41;"button_ad_hammerstein"
42;"USER_D_PROTECTION"
51;"button_cash_out"
54;"MY_D_PORTFOLIO"
63;"button_submit"
64;"SIGNUP"
66;"BOUNDING_BOX"
82;"button_before"
84;"CONTENT"
85;"__Packages.com.rockstargames.ui.core.BaseWebsite"
86;"__Packages.com.rockstargames.gtav.web.WWW_IWILLSURVIVEITALL_COM"
87;"__Packages.com.rockstargames.gtav.web.buttons.WebButton"
88;"__Packages.com.rockstargames.gtav.web.buttons.WebButtonWWW"
89;"__Packages.com.rockstargames.gtav.constants.WebBrowserButtonLUT"
90;"__Packages.com.rockstargames.gtav.web.buttons.WebButtonAnchor"
