1;"visitalamosea_texture_towns4"
2;"visitalamosea_texture_towns3"
3;"visitalamosea_texture_towns2"
4;"visitalamosea_texture_towns1"
5;"visitalamosea_texture_navgrade"
6;"visitalamosea_texture_3"
7;"visitalamosea_texture_2"
8;"visitalamosea_texture_1"
9;"visitalamosea_background2"
10;"visitalamosea_background1"
19;"button_page1"
24;"button_ammunation"
31;"button_faq"
35;"button_nav_arrow"
45;"GRAND_SENORA_DESERT"
58;"SANDY_SHORES"
66;"STAB_CITY"
75;"ZANCUDO_RIVER"
84;"ONEIL_RANCH"
98;"GRAPESEED"
106;"ALAMO_SEA"
114;"button_alamo"
117;"FAQ"
125;"PAGE1"
127;"BOUNDING_BOX"
128;"CONTENT"
130;"button_TEXT_center-aligned"
133;"image_towns"
134;"__Packages.com.rockstargames.ui.core.BaseWebsite"
135;"__Packages.com.rockstargames.gtav.web.WWW_VISITTHEALAMOSEA_COM"
136;"__Packages.com.rockstargames.gtav.web.buttons.WebButton"
137;"__Packages.com.rockstargames.gtav.web.buttons.WebButtonWWW"
138;"__Packages.com.rockstargames.gtav.constants.WebBrowserButtonLUT"
