153;__Packages.com.rockstargames.gtav.cellphone.apps.APP_SECUROSERV_HACKING
154;__Packages.com.rockstargames.ui.tweenStar.TweenStarLite
155;__Packages.com.rockstargames.ui.tweenStar.easing.Linear
156;__Packages.com.rockstargames.ui.tweenStar.easing.Quad
157;__Packages.com.rockstargames.ui.tweenStar.easing.Cubic
158;__Packages.com.rockstargames.ui.tweenStar.easing.Quart
159;__Packages.com.rockstargames.ui.tweenStar.easing.Sine
160;__Packages.com.rockstargames.ui.tweenStar.easing.Back
161;__Packages.com.rockstargames.ui.tweenStar.easing.Circ
162;__Packages.com.rockstargames.ui.tweenStar.Ease
163;__Packages.com.rockstargames.ui.tweenStar.TweenStarLiteRef
164;__Packages.com.rockstargames.ui.game.GameInterface
