1;"lscm"
2;"lsc_texture_7"
3;"lsc_texture_6"
4;"lsc_texture_5"
5;"lsc_texture_4"
6;"lsc_texture_3"
7;"lsc_texture_2"
8;"lsc_texture_1"
9;"GTA+_Logo"
11;"BOUNDING_BOX"
31;"homePageButton"
44;"videoButton"
48;"polaroid"
54;"topMenuButton"
61;"showroomButton"
70;"subHeader"
77;"sortButton"
81;"dropDownHeader"
88;"setWaypointButton"
111;"vehicleWipe"
149;"purchaseButton"
157;"colourButton"
169;"liveryButton"
190;"CONTENT"
206;"vehicleButton"
209;"showroomThumbnail"
211;"polaroidShadow"
213;"homeButton"
215;"dropDownItem"
216;"__Packages.com.rockstargames.ui.core.BaseWebsite"
217;"__Packages.com.rockstargames.gtav.web.vehicleSites.VehicleWebsite"
218;"__Packages.com.rockstargames.gtav.web.vehicleSites.DropDown"
219;"__Packages.com.rockstargames.ui.game.GameInterface"
220;"__Packages.com.rockstargames.ui.tweenStar.TweenStarLite"
221;"__Packages.com.rockstargames.ui.tweenStar.easing.Linear"
222;"__Packages.com.rockstargames.ui.tweenStar.easing.Quad"
223;"__Packages.com.rockstargames.ui.tweenStar.easing.Cubic"
224;"__Packages.com.rockstargames.ui.tweenStar.easing.Quart"
225;"__Packages.com.rockstargames.ui.tweenStar.easing.Sine"
226;"__Packages.com.rockstargames.ui.tweenStar.easing.Back"
227;"__Packages.com.rockstargames.ui.tweenStar.easing.Circ"
228;"__Packages.com.rockstargames.ui.tweenStar.Ease"
229;"__Packages.com.rockstargames.ui.tweenStar.TweenStarLiteRef"
230;"__Packages.com.rockstargames.ui.utils.Colour"
231;"__Packages.com.rockstargames.ui.utils.HudColourLite"
232;"__Packages.com.rockstargames.ui.utils.HudColour"
233;"__Packages.com.rockstargames.gtav.web.WWW_BENNYSORIGINALMOTORWORKS_COM"
234;"__Packages.com.rockstargames.ui.utils.DisplayConfig"
235;"__Packages.com.rockstargames.gtav.web.buttons.WebButton"
236;"__Packages.com.rockstargames.gtav.web.buttons.WebButtonAnchor"
237;"__Packages.com.rockstargames.gtav.web.buttons.WebButtonMinus"
238;"__Packages.com.rockstargames.gtav.constants.WebBrowserButtonLUT"
239;"__Packages.com.rockstargames.gtav.web.buttons.WebButtonWWW"
