1;ui
2;photos
4;BACKGROUND
5;CONTENT
7;BOUNDING_BOX
331;mainScreen
333;todoListItem
336;photo
389;approach
400;overlay
417;cursor
418;__Packages.com.rockstargames.gtav.levelDesign.BaseScriptUI
419;__Packages.com.rockstargames.ui.core.BaseScreenLayout
420;__Packages.com.rockstargames.ui.utils.DisplayConfig
421;__Packages.com.rockstargames.ui.game.GameInterface
422;__Packages.com.rockstargames.gtav.levelDesign.CASINO_HEIST_BOARD_PREP
423;__Packages.com.rockstargames.gtav.levelDesign.casinoHeistBoardPrep.screens.Screen
424;__Packages.com.rockstargames.gtav.levelDesign.casinoHeistBoardPrep.Cursor
425;__Packages.com.rockstargames.gtav.levelDesign.casinoHeistBoardPrep.Rect
426;__Packages.com.rockstargames.ui.tweenStar.TweenStarLite
427;__Packages.com.rockstargames.ui.tweenStar.easing.Linear
428;__Packages.com.rockstargames.ui.tweenStar.easing.Quad
429;__Packages.com.rockstargames.ui.tweenStar.easing.Cubic
430;__Packages.com.rockstargames.ui.tweenStar.easing.Quart
431;__Packages.com.rockstargames.ui.tweenStar.easing.Sine
432;__Packages.com.rockstargames.ui.tweenStar.easing.Back
433;__Packages.com.rockstargames.ui.tweenStar.easing.Circ
434;__Packages.com.rockstargames.ui.tweenStar.Ease
435;__Packages.com.rockstargames.ui.tweenStar.TweenStarLiteRef
436;__Packages.com.rockstargames.gtav.levelDesign.casinoHeistBoardPrep.Overlay
437;__Packages.com.rockstargames.gtav.levelDesign.casinoHeistBoardPrep.Button
438;__Packages.com.rockstargames.gtav.levelDesign.casinoHeistBoardPrep.ButtonIDs
439;__Packages.com.rockstargames.gtav.levelDesign.casinoHeistBoardPrep.screens.MainScreen
440;__Packages.com.rockstargames.gtav.levelDesign.casinoHeistBoardPrep.ApproachGroup
441;__Packages.com.rockstargames.gtav.levelDesign.casinoHeistBoardPrep.TodoList
442;__Packages.com.rockstargames.gtav.levelDesign.casinoHeistBoardPrep.ImageManager
