1;textured
2;rockstarTileBMP
3;rockstarLogo256
4;Glint
5;GameType_Icons
6;blips_texturesheet_bigfeed_NG2
7;blips_texturesheet_bigfeed_NG
9;paginationPip
10;paginationCounter
12;coverFullscreen
49;transitionNewsStatItem
68;transitionNews
70;-1635214638
72;-2006837758
74;RACE_AIR
76;RACE_WATER
78;RACE_BICYCLE
80;RACE_FOOT
82;RACE_LAND
84;VEHICLE_DEATHMATCH
86;BASE_JUMPING
88;GANG_ATTACK
90;TEAM_DEATHMATCH
92;SURVIVAL
94;RACE
96;DEATHMATCH
98;CUSTOM_MISSION
108;freemodeDetailsItem
113;freemodeTitleItem
118;radar_cm
122;radar_ap
125;verified
139;radar_rp
142;freemodeDetails
147;logoBig
149;TEXTBTN_47
151;TEXTBTN_46
153;TEXTBTN_45
155;TEXTBTN_44
157;TEXTBTN_43
159;TEXTBTN_42
161;TEXTBTN_41
163;TEXTBTN_40
165;TEXTBTN_39
167;TEXTBTN_38
169;TEXTBTN_37
171;TEXTBTN_36
173;TEXTBTN_35
175;TEXTBTN_34
177;TEXTBTN_33
179;TEXTBTN_32
181;TEXTBTN_31
183;TEXTBTN_30
185;TEXTBTN_29
187;TEXTBTN_28
189;TEXTBTN_27
191;TEXTBTN_26
193;TEXTBTN_25
195;TEXTBTN_24
197;TEXTBTN_23
199;TEXTBTN_22
201;TEXTBTN_21
203;TEXTBTN_20
205;TEXTBTN_19
207;TEXTBTN_18
209;TEXTBTN_17
211;TEXTBTN_16
213;TEXTBTN_15
215;TEXTBTN_14
217;TEXTBTN_13
219;TEXTBTN_12
221;TEXTBTN_11
223;TEXTBTN_10
225;TEXTBTN_9
227;TEXTBTN_8
229;TEXTBTN_7
231;TEXTBTN_6
233;TEXTBTN_5
235;TEXTBTN_4
237;TEXTBTN_3
239;TEXTBTN_2
241;TEXTBTN_1
243;TEXTBTN_0
244;GenericImageLoader
248;CONTENT
250;BOUNDING_BOX
251;GenericColourBar
254;__Packages.com.rockstargames.gtav.levelDesign.BaseScriptUI
255;__Packages.com.rockstargames.ui.core.BaseScreenLayout
256;__Packages.com.rockstargames.ui.utils.DisplayConfig
257;__Packages.com.rockstargames.ui.game.GameInterface
258;__Packages.com.rockstargames.gtav.Multiplayer.GTAV_ONLINE
259;__Packages.com.rockstargames.ui.media.ImageLoaderMC
260;__Packages.com.rockstargames.ui.utils.HudColourLite
261;__Packages.com.rockstargames.ui.components.IController
262;__Packages.com.rockstargames.ui.components.GUIController
263;__Packages.com.rockstargames.ui.components.GUIModel
264;__Packages.com.rockstargames.ui.components.GUIScroll
265;__Packages.com.rockstargames.ui.components.GUIView
266;__Packages.com.rockstargames.ui.utils.Debug
267;__Packages.com.rockstargames.ui.components.GUIMenuItem
268;__Packages.com.rockstargames.ui.game.GamePadConstants
269;__Packages.com.rockstargames.gtav.pauseMenu.pauseComponents.PauseMenuComponentBase
270;__Packages.com.rockstargames.gtav.pauseMenu.pauseMenuItems.PauseMenuBaseItem
271;__Packages.com.rockstargames.ui.utils.UIText
272;__Packages.com.rockstargames.ui.utils.HudColour
273;__Packages.com.rockstargames.ui.utils.Colour
274;__Packages.mx.utils.Delegate
275;__Packages.com.rockstargames.gtav.pauseMenu.pauseMenuItems.singleplayer.PauseMenuTitleItem
276;__Packages.com.rockstargames.gtav.pauseMenu.pauseComponents.PM_ScrollBase
277;__Packages.com.rockstargames.ui.utils.Text
278;__Packages.com.rockstargames.gtav.pauseMenu.pauseComponents.PAUSE_MENU_FREEMODE_DETAILS
279;__Packages.com.rockstargames.gtav.pauseMenu.pauseMenuItems.singleplayer.PauseMenuFreemodeDetailsTitleItem
280;__Packages.com.rockstargames.gtav.pauseMenu.pauseMenuItems.singleplayer.PauseMenuFreemodeDetailsModel
281;__Packages.com.rockstargames.gtav.pauseMenu.pauseMenuItems.PauseMenuViewBase
282;__Packages.com.rockstargames.gtav.pauseMenu.pauseMenuItems.singleplayer.PauseMenuFreemodeDetailsView
283;__Packages.com.rockstargames.gtav.pauseMenu.pauseMenuItems.singleplayer.PauseMenuFreemodeDetailsItem
284;__Packages.com.rockstargames.ui.tweenStar.TweenStarLite
285;__Packages.com.rockstargames.ui.tweenStar.easing.Linear
286;__Packages.com.rockstargames.ui.tweenStar.easing.Quad
287;__Packages.com.rockstargames.ui.tweenStar.easing.Cubic
288;__Packages.com.rockstargames.ui.tweenStar.easing.Quart
289;__Packages.com.rockstargames.ui.tweenStar.easing.Sine
290;__Packages.com.rockstargames.ui.tweenStar.easing.Back
291;__Packages.com.rockstargames.ui.tweenStar.easing.Circ
292;__Packages.com.rockstargames.ui.tweenStar.Ease
293;__Packages.com.rockstargames.ui.tweenStar.TweenStarLiteRef
294;__Packages.com.rockstargames.gtav.Multiplayer.ROCKSTAR_VERIFIED
295;__Packages.com.rockstargames.ui.utils.Localisation
296;__Packages.com.rockstargames.gtav.pauseMenu.pauseMenuItems.PauseMenuColourBar
297;__Packages.com.rockstargames.gtav.Multiplayer.items.TransitionNewsProgressItem
298;__Packages.com.rockstargames.gtav.minimap.ColourMeBlip
299;__Packages.com.rockstargames.gtav.minimap.CM_ICON
300;__Packages.com.rockstargames.gtav.minimap.AP_ICON
301;__Packages.com.rockstargames.gtav.minimap.RP_ICON
302;__Packages.com.rockstargames.gtav.FrontendGen9.components.PaginationCounter
